group,local_order_id,side,action,status,order_role,order_price,quantity,signal_lag_id,ack_lag_id,accepted_lag_id,cancelled_lag_id,filled_lag_id,terminal_lag_id,signal_found,signal_any,signal_full,signal_volume,signal_contra,ack_found,ack_any,ack_full,ack_volume,ack_contra,accepted_found,accepted_any,accepted_full,accepted_volume,accepted_contra,cancelled_found,cancelled_any,cancelled_full,cancelled_volume,cancelled_contra,filled_found,filled_any,filled_full,filled_volume,filled_contra,signal_to_ack_records,signal_to_ack_any_records,signal_to_ack_full_records,signal_to_ack_max_marketable_volume,signal_to_ack_first_any_id,signal_to_ack_first_full_id,ack_to_terminal_records,ack_to_terminal_any_records,ack_to_terminal_full_records,ack_to_terminal_max_marketable_volume,ack_to_terminal_first_any_id,ack_to_terminal_first_full_id,after_ack_to_terminal_records,after_ack_to_terminal_any_records,after_ack_to_terminal_full_records,after_ack_to_terminal_max_marketable_volume,after_ack_to_terminal_first_any_id,after_ack_to_terminal_first_full_id,accepted_to_terminal_records,accepted_to_terminal_any_records,accepted_to_terminal_full_records,accepted_to_terminal_max_marketable_volume,accepted_to_terminal_first_any_id,accepted_to_terminal_first_full_id,after_accepted_to_terminal_records,after_accepted_to_terminal_any_records,after_accepted_to_terminal_full_records,after_accepted_to_terminal_max_marketable_volume,after_accepted_to_terminal_first_any_id,after_accepted_to_terminal_first_full_id,signal_to_terminal_records,signal_to_terminal_any_records,signal_to_terminal_full_records,signal_to_terminal_max_marketable_volume,signal_to_terminal_first_any_id,signal_to_terminal_first_full_id
cancelled_entry_unfilled,288230376151711757,kBuy,kOpenLong,kCancelled,entry,0.34196,29,2251028758,2251028797,2251028877,2251028960,,2251028960,true,true,false,20,0.34192,true,false,false,61,0.34204,true,false,false,8,0.34236,true,false,false,8,0.34236,false,false,false,,,2,1,0,20,2251028758,,3,0,0,,,,2,0,0,,,,2,0,0,,,,1,0,0,,,,4,1,0,20,2251028758,
cancelled_entry_unfilled,288230376151711759,kSell,kOpenShort,kCancelled,entry,0.34138,29,2251042844,2251042917,2251042934,2251042934,,2251042934,true,true,false,28,0.34142,true,false,false,8,0.34091,true,false,false,8,0.34091,true,false,false,8,0.34091,false,false,false,,,2,1,0,28,2251042844,,2,0,0,,,,1,0,0,,,,1,0,0,,,,0,0,0,,,,3,1,0,28,2251042844,
cancelled_entry_unfilled,288230376151711760,kBuy,kOpenLong,kCancelled,entry,0.34108,29,2251043017,2251043032,2251043084,2251043084,,2251043084,true,true,false,18,0.34104,true,false,false,8,0.34142,true,false,false,163,0.34143,true,false,false,163,0.34143,false,false,false,,,2,1,0,18,2251043017,,2,0,0,,,,1,0,0,,,,1,0,0,,,,0,0,0,,,,3,1,0,18,2251043017,
cancelled_entry_unfilled,288230376151711819,kBuy,kOpenLong,kCancelled,entry,0.34247,29,2251178025,2251178025,,2251178368,,2251178368,true,true,false,17,0.34243,true,true,false,17,0.34243,false,false,false,,,true,false,false,21,0.34267,false,false,false,,,1,1,0,17,2251178025,,5,1,0,17,2251178025,,4,0,0,,,,0,0,0,,,,0,0,0,,,,5,1,0,17,2251178025,
cancelled_entry_unfilled,288230376151711949,kSell,kOpenShort,kCancelled,entry,0.34098,29,2251643448,2251643448,,2251643587,,2251643587,true,true,false,17,0.34102,true,true,false,17,0.34102,false,false,false,,,true,false,false,51,0.34074,false,false,false,,,1,1,0,17,2251643448,,6,1,0,17,2251643448,,5,0,0,,,,0,0,0,,,,0,0,0,,,,6,1,0,17,2251643448,
cancelled_entry_unfilled,288230376151711986,kBuy,kOpenLong,kCancelled,entry,0.34371,29,2251729955,2251729988,2251730043,2251730043,,2251730043,true,true,false,18,0.34367,true,false,false,28,0.34385,true,false,false,1,0.344,true,false,false,1,0.344,false,false,false,,,2,1,0,18,2251729955,,2,0,0,,,,1,0,0,,,,1,0,0,,,,0,0,0,,,,3,1,0,18,2251729955,
cancelled_entry_unfilled,288230376151711991,kBuy,kOpenLong,kCancelled,entry,0.34507,28,2251745464,2251745547,2251745661,2251745789,,2251745789,true,true,false,8,0.34503,true,false,false,8,0.34512,true,false,false,8,0.34527,true,false,false,8,0.34555,false,false,false,,,2,1,0,8,2251745464,,3,0,0,,,,2,0,0,,,,2,0,0,,,,1,0,0,,,,4,1,0,8,2251745464,
cancelled_entry_unfilled,288230376151711992,kBuy,kOpenLong,kCancelled,entry,0.34677,28,2251752418,2251752447,2251752684,2251752684,,2251752684,true,true,false,8,0.34673,true,false,false,8,0.34699,true,false,false,1,0.348,true,false,false,1,0.348,false,false,false,,,2,1,0,8,2251752418,,3,0,0,,,,2,0,0,,,,1,0,0,,,,0,0,0,,,,4,1,0,8,2251752418,
cancelled_entry_unfilled,288230376151711994,kBuy,kOpenLong,kCancelled,entry,0.34676,28,2251782756,2251782756,2251783146,2251783342,,2251783342,true,true,false,8,0.34672,true,true,false,8,0.34672,true,false,false,1,0.34846,true,false,false,5,0.34798,false,false,false,,,1,1,0,8,2251782756,,8,1,0,8,2251782756,,7,0,0,,,,4,0,0,,,,3,0,0,,,,8,1,0,8,2251782756,
cancelled_entry_unfilled,288230376151711997,kBuy,kOpenLong,kCancelled,entry,0.35198,28,2251821288,2251821317,,2251821658,,2251821658,true,true,false,23,0.35194,true,true,false,23,0.35194,false,false,false,,,true,false,false,8,0.35269,false,false,false,,,2,2,0,23,2251821288,,7,2,0,23,2251821317,,6,1,0,23,2251821328,,0,0,0,,,,0,0,0,,,,8,3,0,23,2251821288,
cancelled_entry_unfilled,288230376151711998,kSell,kOpenShort,kCancelled,entry,0.35353,28,2251823367,2251823367,,2251823486,,2251823486,true,true,false,20,0.35357,true,true,false,20,0.35357,false,false,false,,,true,false,false,8,0.35232,false,false,false,,,1,1,0,20,2251823367,,3,1,0,20,2251823367,,2,0,0,,,,0,0,0,,,,0,0,0,,,,3,1,0,20,2251823367,
cancelled_entry_unfilled,288230376151712051,kBuy,kOpenLong,kCancelled,entry,0.36465,27,2252131092,2252131184,2252131264,2252131371,,2252131371,true,true,false,8,0.36461,true,false,false,8,0.36511,true,false,false,8,0.36522,true,false,false,8,0.36567,false,false,false,,,2,1,0,8,2252131092,,4,0,0,,,,3,0,0,,,,2,0,0,,,,1,0,0,,,,5,1,0,8,2252131092,
cancelled_entry_unfilled,288230376151712053,kBuy,kOpenLong,kCancelled,entry,0.3677,27,2252147684,2252147727,2252147899,2252147899,,2252147899,true,true,false,24,0.36766,true,false,false,24,0.36794,true,false,false,17,0.369,true,false,false,17,0.369,false,false,false,,,2,1,0,24,2252147684,,3,0,0,,,,2,0,0,,,,1,0,0,,,,0,0,0,,,,4,1,0,24,2252147684,
cancelled_entry_unfilled,288230376151712054,kSell,kOpenShort,kCancelled,entry,0.36483,27,2252159820,2252159820,2252159962,2252160003,,2252160003,true,true,false,8,0.36487,true,true,false,8,0.36487,true,false,false,1,0.364,true,false,false,1,0.364,false,false,false,,,1,1,0,8,2252159820,,4,1,0,8,2252159820,,3,0,0,,,,2,0,0,,,,1,0,0,,,,4,1,0,8,2252159820,
cancelled_entry_unfilled,288230376151712055,kBuy,kOpenLong,kCancelled,entry,0.35671,28,2252177325,2252177361,,2252177404,,2252177404,true,true,true,847,0.35667,true,true,true,810,0.35667,false,false,false,,,true,false,false,563,0.35682,false,false,false,,,2,2,2,847,2252177325,2252177325,3,1,1,810,2252177361,2252177361,2,0,0,,,,0,0,0,,,,0,0,0,,,,4,2,2,847,2252177325,2252177325
cancelled_entry_unfilled,288230376151712056,kBuy,kOpenLong,kCancelled,entry,0.35488,28,2252179554,2252179624,,2252179711,,2252179711,true,true,false,8,0.35484,true,false,false,267,0.355,false,false,false,,,true,false,false,1062,0.35502,false,false,false,,,2,1,0,8,2252179554,,4,0,0,,,,3,0,0,,,,0,0,0,,,,0,0,0,,,,5,1,0,8,2252179554,
cancelled_entry_unfilled,288230376151712057,kBuy,kOpenLong,kCancelled,entry,0.35526,28,2252182910,2252182913,2252182971,2252182971,,2252182971,true,true,false,8,0.35522,true,true,false,8,0.35522,true,false,false,8,0.35603,true,false,false,8,0.35603,false,false,false,,,2,2,0,8,2252182910,,3,1,0,8,2252182913,,2,0,0,,,,1,0,0,,,,0,0,0,,,,4,2,0,8,2252182910,
cancelled_entry_unfilled,288230376151712060,kBuy,kOpenLong,kCancelled,entry,0.35231,28,2252201683,2252201726,2252201726,2252201787,,2252201787,true,true,true,33,0.35227,true,false,false,1542,0.35257,true,false,false,1542,0.35257,true,false,false,991,0.35262,false,false,false,,,2,1,1,33,2252201683,2252201683,2,0,0,,,,1,0,0,,,,2,0,0,,,,1,0,0,,,,3,1,1,33,2252201683,2252201683
cancelled_entry_unfilled,288230376151712062,kSell,kOpenShort,kCancelled,entry,0.35518,28,2252260107,2252260107,2252260168,2252260250,,2252260250,true,true,false,8,0.35522,true,true,false,8,0.35522,true,false,false,8,0.35415,true,false,false,8,0.35375,false,false,false,,,1,1,0,8,2252260107,,3,1,0,8,2252260107,,2,0,0,,,,2,0,0,,,,1,0,0,,,,3,1,0,8,2252260107,
cancelled_entry_unfilled,288230376151712066,kSell,kOpenShort,kCancelled,entry,0.35595,28,2252328857,2252328977,2252329211,2252329211,,2252329211,true,true,false,8,0.35599,true,false,false,8,0.35491,true,false,false,24,0.35543,true,false,false,24,0.35543,false,false,false,,,2,1,0,8,2252328857,,9,0,0,,,,8,0,0,,,,1,0,0,,,,0,0,0,,,,10,1,0,8,2252328857,
cancelled_entry_unfilled,288230376151712086,kBuy,kOpenLong,kCancelled,entry,0.34494,28,2252531107,2252531107,2252531166,2252531248,,2252531248,true,true,true,425,0.3449,true,true,true,425,0.3449,true,false,false,8,0.34524,true,false,false,5,0.34529,false,false,false,,,1,1,1,425,2252531107,2252531107,4,1,1,425,2252531107,2252531107,3,0,0,,,,3,0,0,,,,2,0,0,,,,4,1,1,425,2252531107,2252531107
cancelled_entry_unfilled,288230376151712088,kBuy,kOpenLong,kCancelled,entry,0.34574,28,2252536952,2252536952,2252537105,2252537105,,2252537105,true,true,true,135,0.3457,true,true,true,135,0.3457,true,false,false,8,0.34651,true,false,false,8,0.34651,false,false,false,,,1,1,1,135,2252536952,2252536952,3,1,1,135,2252536952,2252536952,2,0,0,,,,1,0,0,,,,0,0,0,,,,3,1,1,135,2252536952,2252536952
cancelled_entry_unfilled,288230376151712112,kSell,kOpenShort,kCancelled,entry,0.34537,28,2252637937,2252637937,2252638124,2252638124,,2252638124,true,true,true,2542,0.34541,true,true,true,2542,0.34541,true,false,false,151,0.3447,true,false,false,151,0.3447,false,false,false,,,1,1,1,2542,2252637937,2252637937,5,3,3,2542,2252637937,2252637937,4,2,2,1582,2252637950,2252637950,1,0,0,,,,0,0,0,,,,5,3,3,2542,2252637937,2252637937
cancelled_entry_unfilled,288230376151712114,kBuy,kOpenLong,kCancelled,entry,0.34512,28,2252717817,2252717817,,2252717926,,2252717926,true,true,false,27,0.34508,true,true,false,27,0.34508,false,false,false,,,true,false,false,8,0.34559,false,false,false,,,1,1,0,27,2252717817,,3,1,0,27,2252717817,,2,0,0,,,,0,0,0,,,,0,0,0,,,,3,1,0,27,2252717817,
cancelled_entry_unfilled,288230376151712115,kBuy,kOpenLong,kCancelled,entry,0.34565,28,2252717972,2252718004,,2252718140,,2252718140,true,true,false,8,0.34561,true,true,false,8,0.34561,false,false,false,,,true,false,false,8,0.34689,false,false,false,,,2,2,0,8,2252717972,,7,1,0,8,2252718004,,6,0,0,,,,0,0,0,,,,0,0,0,,,,8,2,0,8,2252717972,
cancelled_entry_unfilled,288230376151712139,kBuy,kOpenLong,kCancelled,entry,0.35194,28,2252778488,2252778488,,2252778581,,2252778581,true,true,false,24,0.3519,true,true,false,24,0.3519,false,false,false,,,true,false,false,1,0.35235,false,false,false,,,1,1,0,24,2252778488,,8,1,0,24,2252778488,,7,0,0,,,,0,0,0,,,,0,0,0,,,,8,1,0,24,2252778488,
cancelled_entry_unfilled,288230376151712141,kSell,kOpenShort,kCancelled,entry,0.34255,29,2252808187,2252808206,2252808365,2252808365,,2252808365,true,true,true,40,0.34259,true,true,true,1971,0.34258,true,false,false,8,0.34067,true,false,false,8,0.34067,false,false,false,,,2,2,2,1971,2252808187,2252808187,3,1,1,1971,2252808206,2252808206,2,0,0,,,,1,0,0,,,,0,0,0,,,,4,2,2,1971,2252808187,2252808187
cancelled_entry_unfilled,288230376151712142,kSell,kOpenShort,kCancelled,entry,0.34249,29,2252809422,2252809422,2252809422,2252809422,,2252809422,true,true,false,9,0.34253,true,true,false,9,0.34253,true,true,false,9,0.34253,true,true,false,9,0.34253,false,false,false,,,1,1,0,9,2252809422,,1,1,0,9,2252809422,,0,0,0,,,,1,1,0,9,2252809422,,0,0,0,,,,1,1,0,9,2252809422,
cancelled_entry_unfilled,288230376151712143,kSell,kOpenShort,kCancelled,entry,0.34253,29,2252809498,2252809536,2252809536,2252809547,,2252809547,true,true,true,533,0.34257,true,false,false,18,0.34197,true,false,false,18,0.34197,true,false,false,6,0.34176,false,false,false,,,2,1,1,533,2252809498,2252809498,2,0,0,,,,1,0,0,,,,2,0,0,,,,1,0,0,,,,3,1,1,533,2252809498,2252809498
cancelled_entry_unfilled,288230376151712144,kSell,kOpenShort,kCancelled,entry,0.34237,29,2252813598,2252813611,2252813625,2252813625,,2252813625,true,true,false,8,0.34241,true,false,false,59,0.34208,true,false,false,59,0.34175,true,false,false,59,0.34175,false,false,false,,,2,1,0,8,2252813598,,2,0,0,,,,1,0,0,,,,1,0,0,,,,0,0,0,,,,3,1,0,8,2252813598,
filled_or_partial_control,288230376151712148,kBuy,kOpenLong,kFilled,entry,0.34256,29,2252842332,2252842332,2252842436,,2252842436,2252842436,true,true,true,2221,0.34252,true,true,true,2221,0.34252,true,true,true,962,0.34254,false,false,false,,,true,true,true,962,0.34254,1,1,1,2221,2252842332,2252842332,3,3,3,2221,2252842332,2252842332,2,2,2,1648,2252842395,2252842395,1,1,1,962,2252842436,2252842436,0,0,0,,,,3,3,3,2221,2252842332,2252842332
filled_or_partial_control,288230376151712149,kSell,kCloseLong,kFilled,exit,0.34247,29,2252842436,2252842441,2252842461,,2252842461,2252842461,true,true,true,106,0.34251,true,true,true,34,0.34252,true,true,true,32,0.34251,false,false,false,,,true,true,true,32,0.34251,2,2,2,106,2252842436,2252842436,2,2,2,34,2252842441,2252842441,1,1,1,32,2252842461,2252842461,1,1,1,32,2252842461,2252842461,0,0,0,,,,3,3,3,106,2252842436,2252842436
cancelled_entry_unfilled,288230376151712152,kBuy,kOpenLong,kCancelled,entry,0.34267,29,2252851590,2252851590,2252851720,2252851720,,2252851720,true,true,true,186,0.34263,true,true,true,186,0.34263,true,false,false,2735,0.34269,true,false,false,2735,0.34269,false,false,false,,,1,1,1,186,2252851590,2252851590,22,17,17,5837,2252851590,2252851590,21,16,16,5837,2252851591,2252851591,1,0,0,,,,0,0,0,,,,22,17,17,5837,2252851590,2252851590
filled_or_partial_control,288230376151712153,kBuy,kOpenLong,kFilled,entry,0.34272,29,2252854935,2252854935,,,2252854964,2252854964,true,true,true,99,0.34268,true,true,true,99,0.34268,false,false,false,,,false,false,false,,,true,true,true,2156,0.34272,1,1,1,99,2252854935,2252854935,5,5,5,2918,2252854935,2252854935,4,4,4,2918,2252854943,2252854943,0,0,0,,,,0,0,0,,,,5,5,5,2918,2252854935,2252854935
filled_or_partial_control,288230376151712154,kSell,kCloseLong,kFilled,exit,0.3427,29,2252855053,2252855053,2252855077,,2252855077,2252855077,true,true,true,64,0.34274,true,true,true,64,0.34274,true,true,false,8,0.34273,false,false,false,,,true,true,false,8,0.34273,1,1,1,64,2252855053,2252855053,3,3,1,64,2252855053,2252855053,2,2,0,8,2252855072,,1,1,0,8,2252855077,,0,0,0,,,,3,3,1,64,2252855053,2252855053
filled_or_partial_control,288230376151712156,kBuy,kOpenLong,kFilled,entry,0.34274,29,2252857944,2252857957,2252857989,,2252858044,2252858044,true,true,true,4415,0.3427,true,true,true,4131,0.3427,true,true,true,3936,0.3427,false,false,false,,,true,true,true,1758,0.3427,2,2,2,4415,2252857944,2252857944,4,4,4,4131,2252857957,2252857957,3,3,3,3936,2252857989,2252857989,3,3,3,3936,2252857989,2252857989,2,2,2,2192,2252858040,2252858040,5,5,5,4415,2252857944,2252857944
filled_or_partial_control,288230376151712157,kSell,kCloseLong,kFilled,exit,0.34265,29,2252858093,2252858098,2252858098,,2252858098,2252858098,true,true,false,8,0.34269,true,true,true,386,0.34269,true,true,true,386,0.34269,false,false,false,,,true,true,true,386,0.34269,2,2,1,386,2252858093,2252858098,1,1,1,386,2252858098,2252858098,0,0,0,,,,1,1,1,386,2252858098,2252858098,0,0,0,,,,2,2,1,386,2252858093,2252858098
filled_or_partial_control,288230376151712159,kBuy,kOpenLong,kFilled,entry,0.343,29,2252878637,2252878685,2252878737,,2252878773,2252878773,true,true,true,9844,0.34296,true,true,true,9285,0.34296,true,true,true,7688,0.34296,false,false,false,,,true,true,true,5182,0.34296,2,2,2,9844,2252878637,2252878637,3,3,3,9285,2252878685,2252878685,2,2,2,7688,2252878737,2252878737,2,2,2,7688,2252878737,2252878737,1,1,1,5182,2252878773,2252878773,4,4,4,9844,2252878637,2252878637
filled_or_partial_control,288230376151712162,kSell,kCloseLong,kFilled,exit,0.34276,29,2252878920,2252878946,2252878951,,2252878951,2252878951,true,true,true,2337,0.3428,true,true,true,325,0.34281,true,true,true,325,0.34281,false,false,false,,,true,true,true,325,0.34281,2,2,2,2337,2252878920,2252878920,2,2,2,325,2252878946,2252878946,1,1,1,325,2252878951,2252878951,1,1,1,325,2252878951,2252878951,0,0,0,,,,3,3,3,2337,2252878920,2252878920
filled_or_partial_control,288230376151712172,kBuy,kOpenLong,kFilled,entry,0.34337,29,2252886685,2252886721,2252886736,,2252886736,2252886736,true,true,true,9116,0.34333,true,true,true,8780,0.34333,true,true,true,8630,0.34333,false,false,false,,,true,true,true,8630,0.34333,2,2,2,9116,2252886685,2252886685,2,2,2,8780,2252886721,2252886721,1,1,1,8630,2252886736,2252886736,1,1,1,8630,2252886736,2252886736,0,0,0,,,,3,3,3,9116,2252886685,2252886685
filled_or_partial_control,288230376151712173,kSell,kCloseLong,kFilled,exit,0.34321,29,2252886949,2252886949,2252886976,,2252886976,2252886976,true,true,false,20,0.34325,true,true,false,20,0.34325,true,true,true,225,0.34322,false,false,false,,,true,true,true,225,0.34322,1,1,0,20,2252886949,,3,3,2,233,2252886949,2252886965,2,2,2,233,2252886965,2252886965,1,1,1,225,2252886976,2252886976,0,0,0,,,,3,3,2,233,2252886949,2252886965
filled_or_partial_control,288230376151712174,kBuy,kOpenLong,kPartiallyCancelled,entry,0.34456,29,2252894097,2252894097,2252894097,2252894097,,2252894097,true,true,false,1,0.34452,true,true,false,1,0.34452,true,true,false,1,0.34452,true,true,false,1,0.34452,false,false,false,,,1,1,0,1,2252894097,,1,1,0,1,2252894097,,0,0,0,,,,1,1,0,1,2252894097,,0,0,0,,,,1,1,0,1,2252894097,
filled_or_partial_control,288230376151712175,kSell,kCloseLong,kFilled,exit,0.34493,1,2252894874,2252894874,2252894874,,2252894874,2252894874,true,true,true,8,0.34497,true,true,true,8,0.34497,true,true,true,8,0.34497,false,false,false,,,true,true,true,8,0.34497,1,1,1,8,2252894874,2252894874,1,1,1,8,2252894874,2252894874,0,0,0,,,,1,1,1,8,2252894874,2252894874,0,0,0,,,,1,1,1,8,2252894874,2252894874
cancelled_entry_unfilled,288230376151712176,kBuy,kOpenLong,kCancelled,entry,0.34592,28,2252905550,2252905551,2252905569,2252905569,,2252905569,true,true,true,160,0.34588,true,true,true,148,0.34588,true,true,false,20,0.34588,true,true,false,20,0.34588,false,false,false,,,2,2,2,160,2252905550,2252905550,2,2,1,148,2252905551,2252905551,1,1,0,20,2252905569,,1,1,0,20,2252905569,,0,0,0,,,,3,3,2,160,2252905550,2252905550
cancelled_entry_unfilled,288230376151712187,kSell,kOpenShort,kCancelled,entry,0.35555,28,2253196650,2253196690,2253196690,2253196690,,2253196690,true,true,false,3,0.35559,true,false,false,8,0.35541,true,false,false,8,0.35541,true,false,false,8,0.35541,false,false,false,,,2,1,0,3,2253196650,,1,0,0,,,,0,0,0,,,,1,0,0,,,,0,0,0,,,,2,1,0,3,2253196650,
cancelled_entry_unfilled,288230376151712208,kSell,kOpenShort,kCancelled,entry,0.34683,28,2253409671,2253409690,2253409729,2253409729,,2253409729,true,true,false,8,0.34687,true,false,false,151,0.34672,true,false,false,152,0.34646,true,false,false,152,0.34646,false,false,false,,,2,1,0,8,2253409671,,2,0,0,,,,1,0,0,,,,1,0,0,,,,0,0,0,,,,3,1,0,8,2253409671,
cancelled_entry_unfilled,288230376151712212,kSell,kOpenShort,kCancelled,entry,0.35261,28,2253427934,2253427934,,2253428069,,2253428069,true,true,true,41,0.35265,true,true,true,41,0.35265,false,false,false,,,true,false,false,25,0.35214,false,false,false,,,1,1,1,41,2253427934,2253427934,6,3,2,41,2253427934,2253427934,5,2,1,41,2253427942,2253427942,0,0,0,,,,0,0,0,,,,6,3,2,41,2253427934,2253427934
cancelled_entry_unfilled,288230376151712220,kSell,kOpenShort,kCancelled,entry,0.35443,28,2253510610,2253510615,2253510729,2253510729,,2253510729,true,true,false,16,0.35447,true,true,false,16,0.35447,true,false,false,21,0.3538,true,false,false,21,0.3538,false,false,false,,,2,2,0,16,2253510610,,7,2,0,16,2253510615,,6,1,0,16,2253510627,,1,0,0,,,,0,0,0,,,,8,3,0,16,2253510610,
cancelled_entry_unfilled,288230376151712226,kSell,kOpenShort,kCancelled,entry,0.35484,28,2253526197,2253526221,,2253526255,,2253526255,true,true,false,11,0.35488,true,false,false,22,0.3547,false,false,false,,,true,false,false,8,0.3541,false,false,false,,,2,1,0,11,2253526197,,2,0,0,,,,1,0,0,,,,0,0,0,,,,0,0,0,,,,3,1,0,11,2253526197,
cancelled_entry_unfilled,288230376151712227,kBuy,kOpenLong,kCancelled,entry,0.35531,28,2253528353,2253528353,,2253528353,,2253528353,true,true,true,225,0.35527,true,true,true,225,0.35527,false,false,false,,,true,true,true,225,0.35527,false,false,false,,,1,1,1,225,2253528353,2253528353,1,1,1,225,2253528353,2253528353,0,0,0,,,,0,0,0,,,,0,0,0,,,,1,1,1,225,2253528353,2253528353
cancelled_entry_unfilled,288230376151712228,kBuy,kOpenLong,kCancelled,entry,0.35531,28,2253528353,2253528387,2253528491,2253528491,,2253528491,true,true,true,225,0.35527,true,false,false,8,0.3558,true,false,false,8,0.35587,true,false,false,8,0.35587,false,false,false,,,2,1,1,225,2253528353,2253528353,3,0,0,,,,2,0,0,,,,1,0,0,,,,0,0,0,,,,4,1,1,225,2253528353,2253528353
cancelled_entry_unfilled,288230376151712230,kBuy,kOpenLong,kCancelled,entry,0.35546,28,2253537563,2253537563,2253537736,2253537774,,2253537774,true,true,false,14,0.35542,true,true,false,14,0.35542,true,false,false,147,0.35608,true,false,false,147,0.35608,false,false,false,,,1,1,0,14,2253537563,,7,1,0,14,2253537563,,6,0,0,,,,3,0,0,,,,2,0,0,,,,7,1,0,14,2253537563,
cancelled_entry_unfilled,288230376151712243,kSell,kOpenShort,kCancelled,entry,0.35382,28,2253606578,2253606578,2253606589,2253606598,,2253606598,true,true,false,7,0.35386,true,true,false,7,0.35386,true,false,false,271,0.3537,true,false,false,271,0.3537,false,false,false,,,1,1,0,7,2253606578,,3,1,0,7,2253606578,,2,0,0,,,,2,0,0,,,,1,0,0,,,,3,1,0,7,2253606578,
cancelled_entry_unfilled,288230376151712247,kBuy,kOpenLong,kCancelled,entry,0.35618,28,2253631138,2253631140,2253631481,2253631481,,2253631481,true,true,false,13,0.35614,true,true,false,13,0.35614,true,false,false,14,0.35704,true,false,false,14,0.35704,false,false,false,,,2,2,0,13,2253631138,,6,1,0,13,2253631140,,5,0,0,,,,1,0,0,,,,0,0,0,,,,7,2,0,13,2253631138,
cancelled_entry_unfilled,288230376151712251,kSell,kOpenShort,kCancelled,entry,0.35791,27,2253678543,2253678562,2253678562,2253678574,,2253678574,true,true,true,152,0.35795,true,true,true,111,0.35795,true,true,true,111,0.35795,true,false,false,152,0.35785,false,false,false,,,2,2,2,152,2253678543,2253678543,2,1,1,111,2253678562,2253678562,1,0,0,,,,2,1,1,111,2253678562,2253678562,1,0,0,,,,3,2,2,152,2253678543,2253678543
cancelled_entry_unfilled,288230376151712261,kSell,kOpenShort,kCancelled,entry,0.3617,27,2253787854,2253787948,2253787970,2253787970,,2253787970,true,true,false,4,0.36174,true,false,false,25,0.3611,true,false,false,24,0.36116,true,false,false,24,0.36116,false,false,false,,,5,2,1,48,2253787854,2253787868,2,0,0,,,,1,0,0,,,,1,0,0,,,,0,0,0,,,,6,2,1,48,2253787854,2253787868
cancelled_entry_unfilled,288230376151712263,kSell,kOpenShort,kCancelled,entry,0.36034,27,2253798807,2253798832,2253798868,2253798868,,2253798868,true,true,false,8,0.36038,true,false,false,8,0.3601,true,false,false,8,0.35963,true,false,false,8,0.35963,false,false,false,,,2,1,0,8,2253798807,,2,0,0,,,,1,0,0,,,,1,0,0,,,,0,0,0,,,,3,1,0,8,2253798807,
cancelled_entry_unfilled,288230376151712264,kBuy,kOpenLong,kCancelled,entry,0.36116,27,2253801423,2253801423,2253801480,2253801576,,2253801576,true,true,false,20,0.36112,true,true,false,20,0.36112,true,false,false,57,0.36149,true,false,false,22,0.36137,false,false,false,,,1,1,0,20,2253801423,,5,1,0,20,2253801423,,4,0,0,,,,4,0,0,,,,3,0,0,,,,5,1,0,20,2253801423,
cancelled_entry_unfilled,288230376151712265,kSell,kOpenShort,kCancelled,entry,0.36149,27,2253801911,2253801928,2253801953,2253801953,,2253801953,true,true,false,7,0.36153,true,false,false,8,0.36118,true,false,false,8,0.36112,true,false,false,8,0.36112,false,false,false,,,2,1,0,7,2253801911,,2,0,0,,,,1,0,0,,,,1,0,0,,,,0,0,0,,,,3,1,0,7,2253801911,
cancelled_entry_unfilled,288230376151712271,kSell,kOpenShort,kCancelled,entry,0.35566,28,2253912445,2253912489,2253912549,2253912623,,2253912623,true,true,false,19,0.3557,true,false,false,2,0.3555,true,false,false,154,0.35488,true,false,false,8,0.355,false,false,false,,,2,1,0,19,2253912445,,3,0,0,,,,2,0,0,,,,2,0,0,,,,1,0,0,,,,4,1,0,19,2253912445,
cancelled_entry_unfilled,288230376151712276,kSell,kOpenShort,kCancelled,entry,0.35734,27,2253992606,2253992647,2253992708,2253992947,,2253992947,true,true,false,4,0.35738,true,false,false,8,0.35674,true,false,false,107,0.35613,true,false,false,20,0.35674,false,false,false,,,2,1,0,4,2253992606,,6,0,0,,,,5,0,0,,,,5,0,0,,,,4,0,0,,,,7,1,0,4,2253992606,
cancelled_entry_unfilled,288230376151712283,kBuy,kOpenLong,kCancelled,entry,0.36156,27,2254041541,2254041541,2254041629,2254041865,,2254041865,true,true,true,65,0.36152,true,true,true,65,0.36152,true,false,false,65,0.36192,true,false,false,5,0.36188,false,false,false,,,1,1,1,65,2254041541,2254041541,4,1,1,65,2254041541,2254041541,3,0,0,,,,3,0,0,,,,2,0,0,,,,4,1,1,65,2254041541,2254041541
cancelled_entry_unfilled,288230376151712284,kSell,kOpenShort,kCancelled,entry,0.36179,27,2254041865,2254041932,2254041956,2254041956,,2254041956,true,true,false,10,0.36183,true,false,false,65,0.36153,true,false,false,20,0.36132,true,false,false,20,0.36132,false,false,false,,,2,1,0,10,2254041865,,2,0,0,,,,1,0,0,,,,1,0,0,,,,0,0,0,,,,3,1,0,10,2254041865,
cancelled_entry_unfilled,288230376151712292,kBuy,kOpenLong,kCancelled,entry,0.36038,27,2254109235,2254109304,,2254109644,,2254109644,true,true,false,21,0.36034,true,false,false,8,0.36063,false,false,false,,,true,false,false,30,0.36069,false,false,false,,,2,1,0,21,2254109235,,7,0,0,,,,6,0,0,,,,0,0,0,,,,0,0,0,,,,8,1,0,21,2254109235,
cancelled_entry_unfilled,288230376151712322,kBuy,kOpenLong,kCancelled,entry,0.35849,27,2254371705,2254371705,2254371741,2254371741,,2254371741,true,true,false,18,0.35845,true,true,false,18,0.35845,true,false,false,6,0.35858,true,false,false,6,0.35858,false,false,false,,,1,1,0,18,2254371705,,3,2,0,18,2254371705,,2,1,0,4,2254371728,,1,0,0,,,,0,0,0,,,,3,2,0,18,2254371705,
cancelled_entry_unfilled,288230376151712323,kBuy,kOpenLong,kCancelled,entry,0.3565,28,2254377736,2254377779,2254377813,2254377813,,2254377813,true,true,true,79,0.35646,true,false,false,6,0.35659,true,false,false,8,0.35672,true,false,false,8,0.35672,false,false,false,,,2,1,1,79,2254377736,2254377736,2,0,0,,,,1,0,0,,,,1,0,0,,,,0,0,0,,,,3,1,1,79,2254377736,2254377736
cancelled_entry_unfilled,288230376151712342,kSell,kOpenShort,kCancelled,entry,0.36512,27,2254572927,2254572927,2254572945,2254572984,,2254572984,true,true,false,20,0.36516,true,true,false,20,0.36516,true,false,false,20,0.3651,true,false,false,34,0.365,false,false,false,,,1,1,0,20,2254572927,,3,1,0,20,2254572927,,2,0,0,,,,2,0,0,,,,1,0,0,,,,3,1,0,20,2254572927,
cancelled_entry_unfilled,288230376151712344,kSell,kOpenShort,kCancelled,entry,0.35984,27,2254595742,2254595769,2254595782,2254595782,,2254595782,true,true,false,10,0.35988,true,false,false,121,0.35972,true,false,false,7,0.35959,true,false,false,7,0.35959,false,false,false,,,2,1,0,10,2254595742,,2,0,0,,,,1,0,0,,,,1,0,0,,,,0,0,0,,,,3,1,0,10,2254595742,
cancelled_entry_unfilled,288230376151712345,kBuy,kOpenLong,kCancelled,entry,0.35969,27,2254595782,2254595807,2254595849,2254595849,,2254595849,true,true,true,56,0.35965,true,false,false,8,0.3599,true,false,false,8,0.3599,true,false,false,8,0.3599,false,false,false,,,2,1,1,56,2254595782,2254595782,2,0,0,,,,1,0,0,,,,1,0,0,,,,0,0,0,,,,3,1,1,56,2254595782,2254595782
cancelled_entry_unfilled,288230376151712351,kSell,kOpenShort,kCancelled,entry,0.36033,27,2254646341,2254646444,,2254646586,,2254646586,true,true,false,8,0.36037,true,false,false,8,0.35967,false,false,false,,,true,false,false,9,0.35963,false,false,false,,,2,1,0,8,2254646341,,3,0,0,,,,2,0,0,,,,0,0,0,,,,0,0,0,,,,4,1,0,8,2254646341,
cancelled_entry_unfilled,288230376151712353,kBuy,kOpenLong,kCancelled,entry,0.36044,27,2254659944,2254659965,2254660013,2254660013,,2254660013,true,true,false,13,0.3604,true,false,false,145,0.36067,true,false,false,8,0.36095,true,false,false,8,0.36095,false,false,false,,,2,1,0,13,2254659944,,2,0,0,,,,1,0,0,,,,1,0,0,,,,0,0,0,,,,3,1,0,13,2254659944,
cancelled_entry_unfilled,288230376151712357,kSell,kOpenShort,kCancelled,entry,0.36044,27,2254672400,2254672400,2254672849,2254672849,,2254672849,true,true,false,8,0.36048,true,true,false,8,0.36048,true,false,false,9,0.35957,true,false,false,9,0.35957,false,false,false,,,1,1,0,8,2254672400,,7,1,0,8,2254672400,,6,0,0,,,,1,0,0,,,,0,0,0,,,,7,1,0,8,2254672400,
cancelled_entry_unfilled,288230376151712358,kSell,kOpenShort,kCancelled,entry,0.35938,27,2254678429,2254678429,2254678507,2254678507,,2254678507,true,true,false,8,0.35942,true,true,false,8,0.35942,true,false,false,8,0.35893,true,false,false,8,0.35893,false,false,false,,,1,1,0,8,2254678429,,3,1,0,8,2254678429,,2,0,0,,,,1,0,0,,,,0,0,0,,,,3,1,0,8,2254678429,
cancelled_entry_unfilled,288230376151712359,kSell,kOpenShort,kCancelled,entry,0.35513,28,2254728625,2254728735,2254728855,2254728983,,2254728983,true,true,true,225,0.35517,true,false,false,57,0.35417,true,false,false,1,0.35209,true,false,false,1,0.35209,false,false,false,,,2,1,1,225,2254728625,2254728625,3,0,0,,,,2,0,0,,,,2,0,0,,,,1,0,0,,,,4,1,1,225,2254728625,2254728625
cancelled_entry_unfilled,288230376151712360,kSell,kOpenShort,kCancelled,entry,0.353,28,2254751243,2254751243,,2254751326,,2254751326,true,true,true,52,0.35304,true,true,true,52,0.35304,false,false,false,,,true,false,false,8,0.35242,false,false,false,,,1,1,1,52,2254751243,2254751243,5,3,3,52,2254751243,2254751243,4,2,2,52,2254751247,2254751247,0,0,0,,,,0,0,0,,,,5,3,3,52,2254751243,2254751243
cancelled_entry_unfilled,288230376151712361,kSell,kOpenShort,kCancelled,entry,0.35202,28,2254759865,2254759865,2254759949,2254759949,,2254759949,true,true,true,97,0.35206,true,true,true,97,0.35206,true,false,false,84,0.35122,true,false,false,84,0.35122,false,false,false,,,1,1,1,97,2254759865,2254759865,3,1,1,97,2254759865,2254759865,2,0,0,,,,1,0,0,,,,0,0,0,,,,3,1,1,97,2254759865,2254759865
cancelled_entry_unfilled,288230376151712415,kSell,kOpenShort,kCancelled,entry,0.34965,28,2255042766,2255042766,2255043067,2255043072,,2255043072,true,true,false,8,0.34969,true,true,false,8,0.34969,true,false,false,8,0.34884,true,false,false,84,0.3474,false,false,false,,,1,1,0,8,2255042766,,4,1,0,8,2255042766,,3,0,0,,,,2,0,0,,,,1,0,0,,,,4,1,0,8,2255042766,
cancelled_entry_unfilled,288230376151712425,kBuy,kOpenLong,kCancelled,entry,0.34792,28,2255094785,2255094837,2255094866,2255094866,,2255094866,true,true,false,21,0.34788,true,false,false,229,0.34815,true,false,false,124,0.34815,true,false,false,124,0.34815,false,false,false,,,2,1,0,21,2255094785,,2,0,0,,,,1,0,0,,,,1,0,0,,,,0,0,0,,,,3,1,0,21,2255094785,
filled_or_partial_control,288230376151712432,kBuy,kOpenLong,kPartiallyCancelled,entry,0.34641,28,2255148594,2255148594,2255148699,2255148699,,2255148699,true,true,false,8,0.34637,true,true,false,8,0.34637,true,false,false,8,0.34665,true,false,false,8,0.34665,false,false,false,,,1,1,0,8,2255148594,,2,1,0,8,2255148594,,1,0,0,,,,1,0,0,,,,0,0,0,,,,2,1,0,8,2255148594,
filled_or_partial_control,288230376151712434,kSell,kCloseLong,kPartiallyCancelled,exit,0.34609,20,2255149067,2255149067,2255149079,2255149088,,2255149088,true,true,true,22,0.34613,true,true,true,22,0.34613,true,true,false,8,0.34612,true,false,false,8,0.34603,false,false,false,,,1,1,1,22,2255149067,2255149067,4,3,1,22,2255149067,2255149067,3,2,0,8,2255149079,,3,2,0,8,2255149079,,2,1,0,8,2255149082,,4,3,1,22,2255149067,2255149067
filled_or_partial_control,288230376151712435,kSell,kCloseLong,kFilled,exit,0.34604,12,2255149192,2255149192,2255149195,,2255149195,2255149195,true,true,true,20,0.34608,true,true,true,20,0.34608,true,true,true,20,0.34608,false,false,false,,,true,true,true,20,0.34608,1,1,1,20,2255149192,2255149192,2,2,2,20,2255149192,2255149192,1,1,1,20,2255149195,2255149195,1,1,1,20,2255149195,2255149195,0,0,0,,,,2,2,2,20,2255149192,2255149192
cancelled_entry_unfilled,288230376151712449,kBuy,kOpenLong,kCancelled,entry,0.34807,28,2255270280,2255270394,2255270422,2255270422,,2255270422,true,true,false,26,0.34803,true,false,false,8,0.34852,true,false,false,8,0.34869,true,false,false,8,0.34869,false,false,false,,,2,1,0,26,2255270280,,2,0,0,,,,1,0,0,,,,1,0,0,,,,0,0,0,,,,3,1,0,26,2255270280,
cancelled_entry_unfilled,288230376151712483,kSell,kOpenShort,kCancelled,entry,0.34879,28,2255688790,2255689507,,2255689770,,2255689770,true,true,false,8,0.34883,true,false,false,8,0.34807,false,false,false,,,true,false,false,8,0.3481,false,false,false,,,7,1,0,8,2255688790,,12,0,0,,,,11,0,0,,,,0,0,0,,,,0,0,0,,,,18,1,0,8,2255688790,
filled_or_partial_control,288230376151712497,kSell,kOpenShort,kFilled,entry,0.35065,28,2255887738,2255887745,2255887749,,2255887749,2255887749,true,true,true,2763,0.35069,true,true,true,2763,0.35069,true,true,true,2735,0.35069,false,false,false,,,true,true,true,2735,0.35069,2,2,2,2763,2255887738,2255887738,2,2,2,2763,2255887745,2255887745,1,1,1,2735,2255887749,2255887749,1,1,1,2735,2255887749,2255887749,0,0,0,,,,3,3,3,2763,2255887738,2255887738
filled_or_partial_control,288230376151712498,kBuy,kCloseShort,kFilled,exit,0.35078,28,2255887773,2255887773,,,2255887798,2255887798,true,true,false,19,0.35074,true,true,false,19,0.35074,false,false,false,,,false,false,false,,,true,true,false,6,0.35077,1,1,0,19,2255887773,,5,5,1,38,2255887773,2255887777,4,4,1,38,2255887777,2255887777,0,0,0,,,,0,0,0,,,,5,5,1,38,2255887773,2255887777
cancelled_entry_unfilled,288230376151712571,kBuy,kOpenLong,kCancelled,entry,0.34703,28,2256273377,2256273377,2256273525,2256273525,,2256273525,true,true,false,4,0.34699,true,true,false,4,0.34699,true,false,false,8,0.34732,true,false,false,8,0.34732,false,false,false,,,1,1,0,4,2256273377,,3,2,0,24,2256273377,,2,1,0,24,2256273470,,1,0,0,,,,0,0,0,,,,3,2,0,24,2256273377,
cancelled_entry_unfilled,288230376151712598,kBuy,kOpenLong,kCancelled,entry,0.3463,28,2256598516,2256598516,,2256600032,,2256600032,true,true,true,141,0.34626,true,true,true,141,0.34626,false,false,false,,,true,false,false,136,0.35026,false,false,false,,,1,1,1,141,2256598516,2256598516,15,1,1,141,2256598516,2256598516,14,0,0,,,,0,0,0,,,,0,0,0,,,,15,1,1,141,2256598516,2256598516
cancelled_entry_unfilled,288230376151712599,kBuy,kOpenLong,kCancelled,entry,0.35471,28,2256609931,2256610054,,2256610156,,2256610156,true,true,false,8,0.35467,true,false,false,49,0.35525,false,false,false,,,true,false,false,49,0.35525,false,false,false,,,2,1,0,8,2256609931,,2,0,0,,,,1,0,0,,,,0,0,0,,,,0,0,0,,,,3,1,0,8,2256609931,
cancelled_entry_unfilled,288230376151712601,kBuy,kOpenLong,kCancelled,entry,0.35599,28,2256628541,2256628639,2256629144,2256629144,,2256629144,true,true,false,16,0.35595,true,false,false,1,0.35622,true,false,false,109,0.35897,true,false,false,109,0.35897,false,false,false,,,2,1,0,16,2256628541,,5,0,0,,,,4,0,0,,,,1,0,0,,,,0,0,0,,,,6,1,0,16,2256628541,
cancelled_entry_unfilled,288230376151712603,kBuy,kOpenLong,kCancelled,entry,0.35782,27,2256655243,2256656132,,2256656578,,2256656578,true,true,false,14,0.35778,true,false,false,16,0.36154,false,false,false,,,true,false,false,23,0.36086,false,false,false,,,18,1,0,14,2256655243,,7,0,0,,,,6,0,0,,,,0,0,0,,,,0,0,0,,,,24,1,0,14,2256655243,
cancelled_entry_unfilled,288230376151712604,kBuy,kOpenLong,kCancelled,entry,0.35921,27,2256660924,2256660967,2256661113,2256661113,,2256661113,true,true,false,15,0.35917,true,false,false,138,0.35937,true,false,false,8,0.36023,true,false,false,8,0.36023,false,false,false,,,2,1,0,15,2256660924,,3,0,0,,,,2,0,0,,,,1,0,0,,,,0,0,0,,,,4,1,0,15,2256660924,
cancelled_entry_unfilled,288230376151712605,kBuy,kOpenLong,kCancelled,entry,0.35966,27,2256662510,2256662519,2256662526,2256662616,,2256662616,true,true,false,23,0.35962,true,true,false,8,0.35962,true,true,false,8,0.35962,true,false,false,8,0.36005,false,false,false,,,2,2,0,23,2256662510,,3,2,0,8,2256662519,,2,1,0,8,2256662526,,2,1,0,8,2256662526,,1,0,0,,,,4,3,0,23,2256662510,
cancelled_entry_unfilled,288230376151712608,kBuy,kOpenLong,kCancelled,entry,0.35657,28,2256702541,2256702541,2256702756,2256702756,,2256702756,true,true,false,8,0.35653,true,true,false,8,0.35653,true,false,false,8,0.35745,true,false,false,8,0.35745,false,false,false,,,1,1,0,8,2256702541,,3,1,0,8,2256702541,,2,0,0,,,,1,0,0,,,,0,0,0,,,,3,1,0,8,2256702541,
cancelled_entry_unfilled,288230376151712609,kSell,kOpenShort,kCancelled,entry,0.3577,27,2256703517,2256703517,2256703572,2256703572,,2256703572,true,true,false,8,0.35774,true,true,false,8,0.35774,true,false,false,84,0.35753,true,false,false,84,0.35753,false,false,false,,,1,1,0,8,2256703517,,2,1,0,8,2256703517,,1,0,0,,,,1,0,0,,,,0,0,0,,,,2,1,0,8,2256703517,
cancelled_entry_unfilled,288230376151712610,kBuy,kOpenLong,kCancelled,entry,0.357,28,2256728832,2256729040,,2256729123,,2256729123,true,true,false,8,0.35696,true,false,false,18,0.35737,false,false,false,,,true,false,false,18,0.35737,false,false,false,,,5,1,0,8,2256728832,,4,0,0,,,,3,0,0,,,,0,0,0,,,,0,0,0,,,,8,1,0,8,2256728832,
cancelled_entry_unfilled,288230376151712612,kBuy,kOpenLong,kCancelled,entry,0.35705,28,2256749497,2256749605,2256749670,2256749728,,2256749728,true,true,false,8,0.35701,true,false,false,146,0.35767,true,false,false,8,0.35785,true,false,false,8,0.35785,false,false,false,,,2,1,0,8,2256749497,,3,0,0,,,,2,0,0,,,,2,0,0,,,,1,0,0,,,,4,1,0,8,2256749497,
cancelled_entry_unfilled,288230376151712613,kBuy,kOpenLong,kCancelled,entry,0.35559,28,2256763848,2256763848,2256764145,2256764203,,2256764203,true,true,false,8,0.35555,true,true,false,8,0.35555,true,false,false,8,0.35684,true,false,false,8,0.35684,false,false,false,,,1,1,0,8,2256763848,,6,1,0,8,2256763848,,5,0,0,,,,3,0,0,,,,2,0,0,,,,6,1,0,8,2256763848,
cancelled_entry_unfilled,288230376151712624,kBuy,kOpenLong,kCancelled,entry,0.35555,28,2256934444,2256934596,,2256934790,,2256934790,true,true,false,8,0.35551,true,false,false,8,0.35607,false,false,false,,,true,false,false,8,0.35674,false,false,false,,,2,1,0,8,2256934444,,4,0,0,,,,3,0,0,,,,0,0,0,,,,0,0,0,,,,5,1,0,8,2256934444,
cancelled_entry_unfilled,288230376151712625,kSell,kOpenShort,kCancelled,entry,0.35595,28,2256938238,2256938238,2256938282,2256938383,,2256938383,true,true,false,27,0.35599,true,true,false,27,0.35599,true,true,false,13,0.35597,true,false,false,8,0.35558,false,false,false,,,1,1,0,27,2256938238,,3,2,0,27,2256938238,,2,1,0,13,2256938282,,2,1,0,13,2256938282,,1,0,0,,,,3,2,0,27,2256938238,
cancelled_entry_unfilled,288230376151712635,kBuy,kOpenLong,kCancelled,entry,0.35543,28,2257127861,2257127861,,2257128402,,2257128402,true,true,true,65,0.35539,true,true,true,65,0.35539,false,false,false,,,true,false,false,5,0.35605,false,false,false,,,1,1,1,65,2257127861,2257127861,12,1,1,65,2257127861,2257127861,11,0,0,,,,0,0,0,,,,0,0,0,,,,12,1,1,65,2257127861,2257127861
cancelled_entry_unfilled,288230376151712670,kBuy,kOpenLong,kCancelled,entry,0.35658,28,2257259822,2257259972,2257260111,2257260111,,2257260111,true,true,false,8,0.35654,true,false,false,8,0.3567,true,false,false,8,0.35698,true,false,false,8,0.35698,false,false,false,,,2,1,0,8,2257259822,,2,0,0,,,,1,0,0,,,,1,0,0,,,,0,0,0,,,,3,1,0,8,2257259822,
cancelled_entry_unfilled,288230376151712685,kSell,kOpenShort,kCancelled,entry,0.35793,27,2257373531,2257373566,,2257373856,,2257373856,true,true,false,8,0.35797,true,false,false,10,0.35783,false,false,false,,,true,false,false,16,0.35726,false,false,false,,,2,1,0,8,2257373531,,5,0,0,,,,4,0,0,,,,0,0,0,,,,0,0,0,,,,6,1,0,8,2257373531,
cancelled_entry_unfilled,288230376151712690,kSell,kOpenShort,kCancelled,entry,0.35696,28,2257416622,2257416647,2257416794,2257416794,,2257416794,true,true,true,198,0.357,true,true,true,50,0.357,true,false,false,8,0.3565,true,false,false,8,0.3565,false,false,false,,,2,2,2,198,2257416622,2257416622,3,1,1,50,2257416647,2257416647,2,0,0,,,,1,0,0,,,,0,0,0,,,,4,2,2,198,2257416622,2257416622
cancelled_entry_unfilled,288230376151712692,kSell,kOpenShort,kCancelled,entry,0.35553,28,2257434421,2257434610,2257434659,2257434659,,2257434659,true,true,false,10,0.35557,true,false,false,8,0.35489,true,false,false,15,0.35498,true,false,false,15,0.35498,false,false,false,,,5,2,0,15,2257434421,,2,0,0,,,,1,0,0,,,,1,0,0,,,,0,0,0,,,,6,2,0,15,2257434421,
cancelled_entry_unfilled,288230376151712693,kSell,kOpenShort,kCancelled,entry,0.35518,28,2257435734,2257435734,2257435909,2257435952,,2257435952,true,true,false,17,0.35522,true,true,false,17,0.35522,true,false,false,79,0.35437,true,false,false,8,0.35427,false,false,false,,,1,1,0,17,2257435734,,4,1,0,17,2257435734,,3,0,0,,,,2,0,0,,,,1,0,0,,,,4,1,0,17,2257435734,
cancelled_entry_unfilled,288230376151712694,kSell,kOpenShort,kCancelled,entry,0.35386,28,2257444198,2257444272,,2257444322,,2257444322,true,true,false,3,0.3539,true,false,false,1,0.35346,false,false,false,,,true,false,false,8,0.35311,false,false,false,,,2,1,0,3,2257444198,,2,0,0,,,,1,0,0,,,,0,0,0,,,,0,0,0,,,,3,1,0,3,2257444198,
cancelled_entry_unfilled,288230376151712718,kSell,kOpenShort,kCancelled,entry,0.35313,28,2257675602,2257675649,,2257675771,,2257675771,true,true,false,11,0.35317,true,false,false,8,0.35293,false,false,false,,,true,false,false,10,0.35294,false,false,false,,,2,1,0,11,2257675602,,6,0,0,,,,5,0,0,,,,0,0,0,,,,0,0,0,,,,7,1,0,11,2257675602,
cancelled_entry_unfilled,288230376151712719,kSell,kOpenShort,kCancelled,entry,0.35244,28,2257682207,2257682207,,2257682558,,2257682558,true,true,false,12,0.35248,true,true,false,12,0.35248,false,false,false,,,true,false,false,8,0.35167,false,false,false,,,1,1,0,12,2257682207,,6,1,0,12,2257682207,,5,0,0,,,,0,0,0,,,,0,0,0,,,,6,1,0,12,2257682207,
cancelled_entry_unfilled,288230376151712723,kSell,kOpenShort,kCancelled,entry,0.35282,28,2257718444,2257718453,2257718481,2257718481,,2257718481,true,true,false,14,0.35286,true,false,false,8,0.35244,true,false,false,16,0.35246,true,false,false,16,0.35246,false,false,false,,,2,1,0,14,2257718444,,2,0,0,,,,1,0,0,,,,1,0,0,,,,0,0,0,,,,3,1,0,14,2257718444,
cancelled_entry_unfilled,288230376151712725,kSell,kOpenShort,kCancelled,entry,0.35378,28,2257721894,2257721906,2257721946,2257721946,,2257721946,true,true,true,134,0.35382,true,true,true,99,0.35382,true,false,false,8,0.35336,true,false,false,8,0.35336,false,false,false,,,2,2,2,134,2257721894,2257721894,3,2,2,99,2257721906,2257721906,2,1,1,65,2257721913,2257721913,1,0,0,,,,0,0,0,,,,4,3,3,134,2257721894,2257721894
